{"homebrew_version":"2.5.10-22-g023df12","used_options":[],"unused_options":[],"built_as_bottle":true,"poured_from_bottle":true,"installed_as_dependency":false,"installed_on_request":true,"changed_files":["lib/pkgconfig/glm.pc"],"time":1617519198,"source_modified_time":1586803244,"HEAD":null,"stdlib":null,"compiler":"clang","aliases":[],"runtime_dependencies":[],"source":{"path":"/usr/local/Homebrew/Library/Taps/homebrew/homebrew-core/Formula/glm.rb","tap":"homebrew/core","spec":"stable","versions":{"stable":"0.9.9.8","head":"HEAD","version_scheme":0}},"arch":"x86_64","built_on":{"os":"Macintosh","os_version":"macOS 11.0.1","cpu_family":"penryn","xcode":"12.2","clt":"12.2.0.0.1.1604076827"}}